run,duration_ms,init_time_ms,start_type
1,30,25,cold
2,31,19,cold
3,33,26,cold
4,3,,warm
5,30,25,cold
6,3,,warm
7,33,27,cold
8,2,,warm
9,30,25,cold
10,3,,warm
11,29,23,cold
12,3,,warm
13,29,25,cold
14,3,,warm
15,26,21,cold
16,5,,warm
17,25,20,cold
18,2,,warm
19,24,20,cold
20,3,,warm
21,34,26,cold
22,3,,warm
23,33,29,cold
24,3,,warm
25,24,20,cold
26,2,,warm
27,26,21,cold
28,3,,warm
29,28,23,cold
30,3,,warm
31,25,20,cold
32,3,,warm
33,26,22,cold
34,4,,warm
35,28,22,cold
36,4,,warm
37,24,20,cold
38,3,,warm
39,46,38,cold
40,11,,warm
41,30,25,cold
42,2,,warm
43,36,31,cold
44,3,,warm
45,29,24,cold
46,4,,warm
47,54,44,cold
48,3,,warm
49,25,21,cold
50,2,,warm
